CustomerID;CustomerName;BillToCustomerID;CustomerCategoryID;BuyingGroupID;DeliveryCityID;CreditLimit;AccountOpenedDate;PaymentDays
1;Tailspin Toys (Head Office);1;3;1.0;19586;;1/01/2013;7
2;Tailspin Toys (Sylvanite, MT);1;3;1.0;33475;;1/01/2013;7
3;Tailspin Toys (Peeples Valley, AZ);1;3;1.0;26483;;1/01/2013;7
4;Tailspin Toys (Medicine Lodge, KS);1;3;1.0;21692;;1/01/2013;7
5;Tailspin Toys (Gasport, NY);1;3;1.0;12748;;1/01/2013;7
6;Tailspin Toys (Jessie, ND);1;3;1.0;17054;;1/01/2013;7
7;Tailspin Toys (Frankewing, TN);1;3;1.0;12152;;1/01/2013;7
8;Tailspin Toys (Bow Mar, CO);1;3;1.0;3673;;1/01/2013;7
9;Tailspin Toys (Netcong, NJ);1;3;1.0;23805;;1/01/2013;7
10;Tailspin Toys (Wimbledon, ND);1;3;1.0;37403;;1/01/2013;7
11;Tailspin Toys (Devault, PA);1;3;1.0;8987;;1/01/2013;7
12;Tailspin Toys (Biscay, MN);1;3;1.0;3081;;1/01/2013;7
13;Tailspin Toys (Stonefort, IL);1;3;1.0;32887;;1/01/2013;7
14;Tailspin Toys (Long Meadow, MD);1;3;1.0;19908;;1/01/2013;7
15;Tailspin Toys (Batson, TX);1;3;1.0;2111;;1/01/2013;7
16;Tailspin Toys (Coney Island, MO);1;3;1.0;7409;;1/01/2013;7
17;Tailspin Toys (East Fultonham, OH);1;3;1.0;9791;;1/01/2013;7
18;Tailspin Toys (Goffstown, NH);1;3;1.0;13304;;1/01/2013;7
19;Tailspin Toys (Lemeta, AK);1;3;1.0;19124;;1/01/2013;7
20;Tailspin Toys (College Place, WA);1;3;1.0;7160;;1/01/2013;7
21;Tailspin Toys (Tresckow, PA);1;3;1.0;34403;;1/01/2013;7
22;Tailspin Toys (Ward Ridge, FL);1;3;1.0;35844;;1/01/2013;7
23;Tailspin Toys (Ikatan, AK);1;3;1.0;16411;;1/01/2013;7
24;Tailspin Toys (Dundarrach, NC);1;3;1.0;9524;;1/01/2013;7
25;Tailspin Toys (Avenal, CA);1;3;1.0;1604;;1/01/2013;7
26;Tailspin Toys (Hedrick, IA);1;3;1.0;15102;;1/01/2013;7
27;Tailspin Toys (Bowlus, MN);1;3;1.0;3707;;1/01/2013;7
28;Tailspin Toys (North Ridge, NY);1;3;1.0;24700;;1/01/2013;7
29;Tailspin Toys (Eulaton, AL);1;3;1.0;10910;;1/01/2013;7
30;Tailspin Toys (Koontzville, WA);1;3;1.0;17999;;1/01/2013;7
31;Tailspin Toys (Lake Stevens, WA);1;3;1.0;18460;;1/01/2013;7
32;Tailspin Toys (Maypearl, TX);1;3;1.0;21367;;1/01/2013;7
33;Tailspin Toys (Boyden Arbor, SC);1;3;1.0;3736;;1/01/2013;7
34;Tailspin Toys (Dallardsville, TX);1;3;1.0;8375;;1/01/2013;7
35;Tailspin Toys (Slanesville, WV);1;3;1.0;31758;;1/01/2013;7
36;Tailspin Toys (Ekron, KY);1;3;1.0;10193;;1/01/2013;7
37;Tailspin Toys (Kerby, OR);1;3;1.0;17591;;1/01/2013;7
38;Tailspin Toys (Airport Drive, MO);1;3;1.0;232;;1/01/2013;7
39;Tailspin Toys (Diablock, KY);1;3;1.0;9040;;1/01/2013;7
40;Tailspin Toys (Impact, TX);1;3;1.0;16433;;1/01/2013;7
41;Tailspin Toys (Olivette, MO);1;3;1.0;25376;;1/01/2013;7
42;Tailspin Toys (Arietta, NY);1;3;1.0;1132;;1/01/2013;7
43;Tailspin Toys (Upper Preston, WA);1;3;1.0;34910;;1/01/2013;7
44;Tailspin Toys (Amanda Park, WA);1;3;1.0;696;;1/01/2013;7
45;Tailspin Toys (Severna Park, MD);1;3;1.0;31104;;1/01/2013;7
46;Tailspin Toys (Jemison, AL);1;3;1.0;16992;;1/01/2013;7
47;Tailspin Toys (Lake Hughes, CA);1;3;1.0;18375;;1/01/2013;7
48;Tailspin Toys (Trentwood, WA);1;3;1.0;34400;;1/01/2013;7
49;Tailspin Toys (Muir, MI);1;3;1.0;23396;;1/01/2013;7
50;Tailspin Toys (Hambleton, WV);1;3;1.0;14380;;1/01/2013;7
51;Tailspin Toys (Imlaystown, NJ);1;3;1.0;16430;;1/01/2013;7
52;Tailspin Toys (Idria, CA);1;3;1.0;16401;;1/01/2013;7
53;Tailspin Toys (Nanafalia, AL);1;3;1.0;23560;;1/01/2013;7
54;Tailspin Toys (Railroad, PA);1;3;1.0;28222;;1/01/2013;7
55;Tailspin Toys (Gum Branch, GA);1;3;1.0;14194;;1/01/2013;7
56;Tailspin Toys (Royal City, WA);1;3;1.0;29729;;1/01/2013;7
57;Tailspin Toys (Lakemore, OH);1;3;1.0;18514;;1/01/2013;7
58;Tailspin Toys (Mappsburg, VA);1;3;1.0;20868;;1/01/2013;7
59;Tailspin Toys (Edgartown, MA);1;3;1.0;10055;;1/01/2013;7
60;Tailspin Toys (East Dailey, WV);1;3;1.0;9772;;1/01/2013;7
61;Tailspin Toys (Fairfield Glade, TN);1;3;1.0;11131;;1/01/2013;7
62;Tailspin Toys (Great Neck Estates, NY);1;3;1.0;13800;;1/01/2013;7
63;Tailspin Toys (Stallion Springs, CA);1;3;1.0;32561;;1/01/2013;7
64;Tailspin Toys (Hodgdon, ME);1;3;1.0;15646;;1/01/2013;7
65;Tailspin Toys (North Cowden, TX);1;3;1.0;24579;;1/01/2013;7
66;Tailspin Toys (Madaket, MA);1;3;1.0;20475;;1/01/2013;7
67;Tailspin Toys (Sentinel Butte, ND);1;3;1.0;31075;;1/01/2013;7
68;Tailspin Toys (Gardere, LA);1;3;1.0;12653;;1/01/2013;7
69;Tailspin Toys (Lytle Creek, CA);1;3;1.0;20413;;1/01/2013;7
70;Tailspin Toys (New Baden, IL);1;3;1.0;23843;;1/01/2013;7
71;Tailspin Toys (Good Hart, MI);1;3;1.0;13375;;1/01/2013;7
72;Tailspin Toys (Cortaro, AZ);1;3;1.0;7672;;1/01/2013;7
73;Tailspin Toys (Cokato, MN);1;3;1.0;7071;;1/01/2013;7
74;Tailspin Toys (Indios, PR);1;3;1.0;16520;;1/01/2013;7
75;Tailspin Toys (Windsor Locks, CT);1;3;1.0;37473;;1/01/2013;7
76;Tailspin Toys (Yewed, OK);1;3;1.0;38042;;1/01/2013;7
77;Tailspin Toys (Hahira, GA);1;3;1.0;14287;;1/01/2013;7
78;Tailspin Toys (Sekiu, WA);1;3;1.0;31010;;1/01/2013;7
79;Tailspin Toys (Page City, KS);1;3;1.0;25933;;1/01/2013;7
80;Tailspin Toys (Valdese, NC);1;3;1.0;34990;;1/01/2013;7
81;Tailspin Toys (Big Moose, NY);1;3;1.0;2971;;1/01/2013;7
82;Tailspin Toys (La Cueva, NM);1;3;1.0;18087;;1/01/2013;7
83;Tailspin Toys (Absecon, NJ);1;3;1.0;49;;1/01/2013;7
84;Tailspin Toys (Aceitunas, PR);1;3;1.0;58;;1/01/2013;7
85;Tailspin Toys (Andrix, CO);1;3;1.0;843;;1/01/2013;7
86;Tailspin Toys (New Lexington, OH);1;3;1.0;24014;;1/01/2013;7
87;Tailspin Toys (Sauquoit, NY);1;3;1.0;30698;;1/01/2013;7
88;Tailspin Toys (Dracut, MA);1;3;1.0;9379;;1/01/2013;7
89;Tailspin Toys (Victory Gardens, NJ);1;3;1.0;35344;;1/01/2013;7
90;Tailspin Toys (Tolna, ND);1;3;1.0;34192;;1/01/2013;7
91;Tailspin Toys (Alstead, NH);1;3;1.0;600;;1/01/2013;7
92;Tailspin Toys (Sans Souci, SC);1;3;1.0;30548;;1/01/2013;7
93;Tailspin Toys (Clewiston, FL);1;3;1.0;6809;;1/01/2013;7
94;Tailspin Toys (Cheyenne Wells, CO);1;3;1.0;6327;;1/01/2013;7
95;Tailspin Toys (Lavon, TX);1;3;1.0;18882;;1/01/2013;7
96;Tailspin Toys (South La Paloma, TX);1;3;1.0;32124;;1/01/2013;7
97;Tailspin Toys (Manchester Center, VT);1;3;1.0;20710;;1/01/2013;7
98;Tailspin Toys (El Centro, CA);1;3;1.0;10199;;1/01/2013;7
99;Tailspin Toys (Guin, AL);1;3;1.0;14173;;1/01/2013;7
100;Tailspin Toys (Tunnelhill, PA);1;3;1.0;34584;;1/01/2013;7
101;Tailspin Toys (Cundiyo, NM);1;3;1.0;8227;;1/01/2013;7
102;Tailspin Toys (Fieldbrook, CA);1;3;1.0;11520;;1/01/2013;7
103;Tailspin Toys (Kalvesta, KS);1;3;1.0;17306;;1/01/2013;7
104;Tailspin Toys (Wallagrass, ME);1;3;1.0;35712;;1/01/2013;7
105;Tailspin Toys (Tomnolen, MS);1;3;1.0;34208;;1/01/2013;7
106;Tailspin Toys (Tumacacori, AZ);1;3;1.0;34568;;1/01/2013;7
107;Tailspin Toys (Glen Avon, CA);1;3;1.0;13109;;1/01/2013;7
108;Tailspin Toys (Bernie, MO);1;3;1.0;2789;;1/01/2013;7
109;Tailspin Toys (South Laguna, CA);1;3;1.0;32126;;1/01/2013;7
110;Tailspin Toys (North Crows Nest, IN);1;3;1.0;24583;;1/01/2013;7
111;Tailspin Toys (Oriole Beach, FL);1;3;1.0;25595;;1/01/2013;7
112;Tailspin Toys (Sallyards, KS);1;3;1.0;30288;;1/01/2013;7
113;Tailspin Toys (Dahlia, NM);1;3;1.0;8337;;1/01/2013;7
114;Tailspin Toys (Cherry Grove Beach, SC);1;3;1.0;6221;;1/01/2013;7
115;Tailspin Toys (Bethania, NC);1;3;1.0;2838;;1/01/2013;7
116;Tailspin Toys (Rafael Capó, PR);1;3;1.0;28210;;1/01/2013;7
117;Tailspin Toys (Scofield, UT);1;3;1.0;30839;;1/01/2013;7
118;Tailspin Toys (Vassalboro, ME);1;3;1.0;35160;;1/01/2013;7
119;Tailspin Toys (Statenville, GA);1;3;1.0;32688;;1/01/2013;7
120;Tailspin Toys (Bratenahl, OH);1;3;1.0;3893;;1/01/2013;7
121;Tailspin Toys (Elrosa, MN);1;3;1.0;10561;;1/01/2013;7
122;Tailspin Toys (McClave, CO);1;3;1.0;21439;;1/01/2013;7
123;Tailspin Toys (Roe Park, NY);1;3;1.0;29371;;1/01/2013;7
124;Tailspin Toys (Hanoverton, OH);1;3;1.0;14556;;1/01/2013;7
125;Tailspin Toys (Annamoriah, WV);1;3;1.0;890;;1/01/2013;7
126;Tailspin Toys (Francis Mills, NJ);1;3;1.0;12142;;1/01/2013;7
127;Tailspin Toys (Point Roberts, WA);1;3;1.0;27424;;1/01/2013;7
128;Tailspin Toys (East Portal, CO);1;3;1.0;9884;;1/01/2013;7
129;Tailspin Toys (Mineral Hills, MI);1;3;1.0;22430;;1/01/2013;7
130;Tailspin Toys (Maple Shade, NJ);1;3;1.0;20846;;1/01/2013;7
131;Tailspin Toys (Kwethluk, AK);1;3;1.0;18058;;1/01/2013;7
132;Tailspin Toys (Minidoka, ID);1;3;1.0;22453;;1/01/2013;7
133;Tailspin Toys (Lake Erie Beach, NY);1;3;1.0;18346;;1/01/2013;7
134;Tailspin Toys (Tavares, FL);1;3;1.0;33660;;1/01/2013;7
135;Tailspin Toys (Terre du Lac, MO);1;3;1.0;33806;;1/01/2013;7
136;Tailspin Toys (Mount Montgomery, NV);1;3;1.0;23229;;1/01/2013;7
137;Tailspin Toys (Carbonville, UT);1;3;1.0;5304;;1/01/2013;7
138;Tailspin Toys (Navassa, NC);1;3;1.0;23687;;1/01/2013;7
139;Tailspin Toys (Hardeeville, SC);1;3;1.0;14596;;1/01/2013;7
140;Tailspin Toys (Furley, KS);1;3;1.0;12483;;1/01/2013;7
141;Tailspin Toys (Arrow Rock, MO);1;3;1.0;1244;;1/01/2013;7
142;Tailspin Toys (King Cove, AK);1;3;1.0;17742;;1/01/2013;7
143;Tailspin Toys (Ashtabula, OH);1;3;1.0;1343;;1/01/2013;7
144;Tailspin Toys (Larose, LA);1;3;1.0;18772;;1/01/2013;7
145;Tailspin Toys (Manahawkin, NJ);1;3;1.0;20672;;1/01/2013;7
146;Tailspin Toys (Belgreen, AL);1;3;1.0;2425;;1/01/2013;7
147;Tailspin Toys (Fishtail, MT);1;3;1.0;11597;;1/01/2013;7
148;Tailspin Toys (Baraboo, WI);1;3;1.0;1904;;1/01/2013;7
149;Tailspin Toys (Inguadona, MN);1;3;1.0;16557;;1/01/2013;7
150;Tailspin Toys (Corfu, NY);1;3;1.0;7594;;1/01/2013;7
151;Tailspin Toys (Antares, AZ);1;3;1.0;928;;1/01/2013;7
152;Tailspin Toys (Sun River, MT);1;3;1.0;33227;;1/01/2013;7
153;Tailspin Toys (Marcell, MN);1;3;1.0;20901;;1/01/2013;7
154;Tailspin Toys (Eden Valley, MN);1;3;1.0;10043;;1/01/2013;7
155;Tailspin Toys (Arbor Vitae, WI);1;3;1.0;1040;;1/01/2013;7
156;Tailspin Toys (Hollywood Park, TX);1;3;1.0;15783;;1/01/2013;7
157;Tailspin Toys (Saks, AL);1;3;1.0;30216;;1/01/2013;7
158;Tailspin Toys (Donner, LA);1;3;1.0;9237;;1/01/2013;7
159;Tailspin Toys (Saint Louis Park, MN);1;3;1.0;30132;;1/01/2013;7
160;Tailspin Toys (Crary, ND);1;3;1.0;7914;;1/01/2013;7
161;Tailspin Toys (Aspen Park, CO);1;3;1.0;1366;;1/01/2013;7
162;Tailspin Toys (Glen Park, NY);1;3;1.0;13136;;1/01/2013;7
163;Tailspin Toys (Panaca, NV);1;3;1.0;26076;;1/01/2013;7
164;Tailspin Toys (Rothsville, PA);1;3;1.0;29651;;1/01/2013;7
165;Tailspin Toys (Topstone, CT);1;3;1.0;34256;;1/01/2013;7
166;Tailspin Toys (McCamey, TX);1;3;1.0;21431;;1/01/2013;7
167;Tailspin Toys (Rockwall, TX);1;3;1.0;29320;;1/01/2013;7
168;Tailspin Toys (Seagraves, TX);1;3;1.0;30926;;1/01/2013;7
169;Tailspin Toys (Sinclair, WY);1;3;1.0;31685;;1/01/2013;7
170;Tailspin Toys (Eastchester, NY);1;3;1.0;9932;;1/01/2013;7
171;Tailspin Toys (Ortley Beach, NJ);1;3;1.0;25653;;1/01/2013;7
172;Tailspin Toys (Madrone, NM);1;3;1.0;20535;;1/01/2013;7
173;Tailspin Toys (Wappingers Falls, NY);1;3;1.0;35833;;1/01/2013;7
174;Tailspin Toys (Astor Park, FL);1;3;1.0;1380;;1/01/2013;7
175;Tailspin Toys (San Acacia, NM);1;3;1.0;30342;;1/01/2013;7
176;Tailspin Toys (Malott, WA);1;3;1.0;20642;;1/01/2013;7
177;Tailspin Toys (Orrtanna, PA);1;3;1.0;25646;;1/01/2013;7
178;Tailspin Toys (Armstrong Creek, WI);1;3;1.0;1207;;1/01/2013;7
179;Tailspin Toys (Hiteman, IA);1;3;1.0;15610;;1/01/2013;7
180;Tailspin Toys (Caselton, NV);1;3;1.0;5540;;1/01/2013;7
181;Tailspin Toys (Heilwood, PA);1;3;1.0;15118;;1/01/2013;7
182;Tailspin Toys (Hayes Center, NE);1;3;1.0;14977;;1/01/2013;7
183;Tailspin Toys (Tierra Verde, FL);1;3;1.0;34028;;1/01/2013;7
184;Tailspin Toys (South Euclid, OH);1;3;1.0;32083;;1/01/2013;7
185;Tailspin Toys (Vidrine, LA);1;3;1.0;35355;;1/01/2013;7
186;Tailspin Toys (Placer, OR);1;3;1.0;27166;;1/01/2013;7
187;Tailspin Toys (Brown City, MI);1;3;1.0;4291;;1/01/2013;7
188;Tailspin Toys (Premont, TX);1;3;1.0;27840;;1/01/2013;7
189;Tailspin Toys (Wilkes-Barre, PA);1;3;1.0;37194;;1/01/2013;7
190;Tailspin Toys (Teutopolis, IL);1;3;1.0;33832;;1/01/2013;7
191;Tailspin Toys (Orchard Hill, GA);1;3;1.0;25552;;1/01/2013;7
192;Tailspin Toys (Optimo, NM);1;3;1.0;25505;;1/01/2013;7
193;Tailspin Toys (Knifley, KY);1;3;1.0;17931;;1/01/2013;7
194;Tailspin Toys (Naples Park, FL);1;3;1.0;23592;;1/01/2013;7
195;Tailspin Toys (Lesslie, SC);1;3;1.0;19232;;1/01/2013;7
196;Tailspin Toys (Howells, NE);1;3;1.0;16090;;1/01/2013;7
197;Tailspin Toys (Magalia, CA);1;3;1.0;20538;;1/01/2013;7
198;Tailspin Toys (Buell, MO);1;3;1.0;4491;;1/01/2013;7
199;Tailspin Toys (Antonito, CO);1;3;1.0;962;;1/01/2013;7
200;Tailspin Toys (Tooele, UT);1;3;1.0;34230;;1/01/2013;7
201;Tailspin Toys (Skyway, WA);1;3;1.0;31752;;1/01/2013;7
401;Wingtip Toys (Head Office);401;3;2.0;25555;;1/01/2013;7
402;Wingtip Toys (Black Lick, PA);401;3;2.0;3127;;1/01/2013;7
403;Wingtip Toys (Queen Valley, AZ);401;3;2.0;28129;;1/01/2013;7
404;Wingtip Toys (Penns Creek, PA);401;3;2.0;26579;;1/01/2013;7
405;Wingtip Toys (Bourbonnais, IL);401;3;2.0;3659;;1/01/2013;7
406;Wingtip Toys (Tuscaloosa, AL);401;3;2.0;34633;;1/01/2013;7
407;Wingtip Toys (Mooringsport, LA);401;3;2.0;22903;;1/01/2013;7
408;Wingtip Toys (Rockwall, TX);401;3;2.0;29320;;1/01/2013;7
409;Wingtip Toys (Orick, CA);401;3;2.0;25581;;1/01/2013;7
410;Wingtip Toys (Bernstein, TX);401;3;2.0;2791;;1/01/2013;7
411;Wingtip Toys (Edmund, WI);401;3;2.0;10134;;1/01/2013;7
412;Wingtip Toys (Bozeman Hot Springs, MT);401;3;2.0;3762;;1/01/2013;7
413;Wingtip Toys (Truscott, TX);401;3;2.0;34519;;1/01/2013;7
414;Wingtip Toys (Rose Tree, PA);401;3;2.0;29530;;1/01/2013;7
415;Wingtip Toys (Leathersville, GA);401;3;2.0;18983;;1/01/2013;7
416;Wingtip Toys (Necedah, WI);401;3;2.0;23707;;1/01/2013;7
417;Wingtip Toys (Chetek, WI);401;3;2.0;6313;;1/01/2013;7
418;Wingtip Toys (Yaak, MT);401;3;2.0;37969;;1/01/2013;7
419;Wingtip Toys (Compass Lake, FL);401;3;2.0;7343;;1/01/2013;7
420;Wingtip Toys (Herlong, CA);401;3;2.0;15248;;1/01/2013;7
421;Wingtip Toys (Highland Home, AL);401;3;2.0;15434;;1/01/2013;7
422;Wingtip Toys (Naches, WA);401;3;2.0;23542;;1/01/2013;7
423;Wingtip Toys (Baldwin City, KS);401;3;2.0;1811;;1/01/2013;7
424;Wingtip Toys (Heartwell, NE);401;3;2.0;15057;;1/01/2013;7
425;Wingtip Toys (Bethel Acres, OK);401;3;2.0;2862;;1/01/2013;7
426;Wingtip Toys (Willow Valley, AZ);401;3;2.0;37316;;1/01/2013;7
427;Wingtip Toys (Athol Springs, NY);401;3;2.0;1417;;1/01/2013;7
428;Wingtip Toys (Paw Paw Lake, MI);401;3;2.0;26376;;1/01/2013;7
429;Wingtip Toys (Lilbourn, MO);401;3;2.0;19405;;1/01/2013;7
430;Wingtip Toys (Lost River, ID);401;3;2.0;20043;;1/01/2013;7
431;Wingtip Toys (Rosa Sánchez, PR);401;3;2.0;29490;;1/01/2013;7
432;Wingtip Toys (Vamo, FL);401;3;2.0;35078;;1/01/2013;7
433;Wingtip Toys (Balko, OK);401;3;2.0;1820;;1/01/2013;7
434;Wingtip Toys (Lime Lake, NY);401;3;2.0;19434;;1/01/2013;7
435;Wingtip Toys (Teutopolis, IL);401;3;2.0;33832;;1/01/2013;7
436;Wingtip Toys (Gargatha, VA);401;3;2.0;12680;;1/01/2013;7
437;Wingtip Toys (Cadogan, PA);401;3;2.0;4860;;1/01/2013;7
438;Wingtip Toys (Lucasville, OH);401;3;2.0;20189;;1/01/2013;7
439;Wingtip Toys (Cylon, WI);401;3;2.0;8306;;1/01/2013;7
440;Wingtip Toys (Asher, OK);401;3;2.0;1299;;1/01/2013;7
441;Wingtip Toys (Keosauqua, IA);401;3;2.0;17587;;1/01/2013;7
442;Wingtip Toys (Homer City, PA);401;3;2.0;15835;;1/01/2013;7
443;Wingtip Toys (Berville, MI);401;3;2.0;2815;;1/01/2013;7
444;Wingtip Toys (Tea, SD);401;3;2.0;33701;;1/01/2013;7
445;Wingtip Toys (Dacono, CO);401;3;2.0;8322;;1/01/2013;7
446;Wingtip Toys (Saint Landry, LA);401;3;2.0;30119;;1/01/2013;7
447;Wingtip Toys (Coin, IA);401;3;2.0;7069;;1/01/2013;7
448;Wingtip Toys (Salt Wells, NV);401;3;2.0;30304;;1/01/2013;7
449;Wingtip Toys (Delray, WV);401;3;2.0;8839;;1/01/2013;7
450;Wingtip Toys (Mount Summit, IN);401;3;2.0;23284;;1/01/2013;7
451;Wingtip Toys (Smoot, WY);401;3;2.0;31870;;1/01/2013;7
452;Wingtip Toys (Lake Davis, CA);401;3;2.0;18340;;1/01/2013;7
453;Wingtip Toys (Stanardsville, VA);401;3;2.0;32575;;1/01/2013;7
454;Wingtip Toys (Corcovado, PR);401;3;2.0;7576;;1/01/2013;7
455;Wingtip Toys (Taft Heights, CA);401;3;2.0;33520;;1/01/2013;7
456;Wingtip Toys (West Hempstead, NY);401;3;2.0;36531;;1/01/2013;7
457;Wingtip Toys (Portales, NM);401;3;2.0;27648;;1/01/2013;7
458;Wingtip Toys (Coker, AL);401;3;2.0;7074;;1/01/2013;7
459;Wingtip Toys (Haydenville, OH);401;3;2.0;14974;;1/01/2013;7
460;Wingtip Toys (Mayhill, NM);401;3;2.0;21351;;1/01/2013;7
461;Wingtip Toys (Vair, TX);401;3;2.0;34984;;1/01/2013;7
462;Wingtip Toys (Crossroads, NM);401;3;2.0;8082;;1/01/2013;7
463;Wingtip Toys (Cowlington, OK);401;3;2.0;7847;;1/01/2013;7
464;Wingtip Toys (Glen Ullin, ND);401;3;2.0;13146;;1/01/2013;7
465;Wingtip Toys (Oologah, OK);401;3;2.0;25479;;1/01/2013;7
466;Wingtip Toys (Lytle, TX);401;3;2.0;20412;;1/01/2013;7
467;Wingtip Toys (Mahaffey, PA);401;3;2.0;20575;;1/01/2013;7
468;Wingtip Toys (Sunburg, MN);401;3;2.0;33237;;1/01/2013;7
469;Wingtip Toys (Johnetta, KY);401;3;2.0;17093;;1/01/2013;7
470;Wingtip Toys (Universal City, TX);401;3;2.0;34875;;1/01/2013;7
471;Wingtip Toys (Ridgemark, CA);401;3;2.0;28907;;1/01/2013;7
472;Wingtip Toys (San Jacinto, CA);401;3;2.0;30387;;1/01/2013;7
473;Wingtip Toys (Floriston, CA);401;3;2.0;11747;;1/01/2013;7
474;Wingtip Toys (Bokeelia, FL);401;3;2.0;3463;;1/01/2013;7
475;Wingtip Toys (Cale, AR);401;3;2.0;4900;;1/01/2013;7
476;Wingtip Toys (Karthaus, PA);401;3;2.0;17353;;1/01/2013;7
477;Wingtip Toys (Glancy, MS);401;3;2.0;13068;;1/01/2013;7
478;Wingtip Toys (Stoneboro, PA);401;3;2.0;32885;;1/01/2013;7
479;Wingtip Toys (Mier, IN);401;3;2.0;22146;;1/01/2013;7
480;Wingtip Toys (Wapinitia, OR);401;3;2.0;35830;;1/01/2013;7
481;Wingtip Toys (White Church, MO);401;3;2.0;36946;;1/01/2013;7
482;Wingtip Toys (Caton, NY);401;3;2.0;5664;;1/01/2013;7
483;Wingtip Toys (Plum Branch, SC);401;3;2.0;27344;;1/01/2013;7
484;Wingtip Toys (Mauldin, SC);401;3;2.0;21282;;1/01/2013;7
485;Wingtip Toys (Bonner Springs, KS);401;3;2.0;3545;;1/01/2013;7
486;Wingtip Toys (Lowellville, OH);401;3;2.0;20131;;1/01/2013;7
487;Wingtip Toys (Elverson, PA);401;3;2.0;10581;;1/01/2013;7
488;Wingtip Toys (Isabela, PR);401;3;2.0;16702;;1/01/2013;7
489;Wingtip Toys (Sayner, WI);401;3;2.0;30751;;1/01/2013;7
490;Wingtip Toys (Beals, ME);401;3;2.0;2230;;1/01/2013;7
491;Wingtip Toys (Morton Grove, IL);401;3;2.0;23067;;1/01/2013;7
492;Wingtip Toys (Birds, IL);401;3;2.0;3059;;1/01/2013;7
493;Wingtip Toys (Federalsburg, MD);401;3;2.0;11427;;1/01/2013;7
494;Wingtip Toys (Pikeview, CO);401;3;2.0;26906;;1/01/2013;7
495;Wingtip Toys (Boalsburg, PA);401;3;2.0;3409;;1/01/2013;7
496;Wingtip Toys (Port Hueneme, CA);401;3;2.0;27577;;1/01/2013;7
497;Wingtip Toys (Verdery, SC);401;3;2.0;35223;;1/01/2013;7
498;Wingtip Toys (Obetz, OH);401;3;2.0;25121;;1/01/2013;7
499;Wingtip Toys (East Fultonham, OH);401;3;2.0;9791;;1/01/2013;7
500;Wingtip Toys (Obion, TN);401;3;2.0;25122;;1/01/2013;7
501;Wingtip Toys (Cavendish, VT);401;3;2.0;5687;;1/01/2013;7
502;Wingtip Toys (Miesville, MN);401;3;2.0;22147;;1/01/2013;7
503;Wingtip Toys (Valhalla, NC);401;3;2.0;35008;;1/01/2013;7
504;Wingtip Toys (Cape Neddick, ME);401;3;2.0;5259;;1/01/2013;7
505;Wingtip Toys (Silver Plume, CO);401;3;2.0;31629;;1/01/2013;7
506;Wingtip Toys (North Beach Haven, NJ);401;3;2.0;24530;;1/01/2013;7
507;Wingtip Toys (Downingtown, PA);401;3;2.0;9360;;1/01/2013;7
508;Wingtip Toys (Branson West, MO);401;3;2.0;3876;;1/01/2013;7
509;Wingtip Toys (Bergen Park, CO);401;3;2.0;2739;;1/01/2013;7
510;Wingtip Toys (Grabill, IN);401;3;2.0;13507;;1/01/2013;7
511;Wingtip Toys (North Manitou, MI);401;3;2.0;24658;;1/01/2013;7
512;Wingtip Toys (Philip, SD);401;3;2.0;26788;;1/01/2013;7
513;Wingtip Toys (Straughn, IN);401;3;2.0;32993;;1/01/2013;7
514;Wingtip Toys (Gilford, NH);401;3;2.0;12992;;1/01/2013;7
515;Wingtip Toys (Del Valle, TX);401;3;2.0;8772;;1/01/2013;7
516;Wingtip Toys (Harkers Island, NC);401;3;2.0;14628;;1/01/2013;7
517;Wingtip Toys (Licking, MO);401;3;2.0;19386;;1/01/2013;7
518;Wingtip Toys (Raton, NM);401;3;2.0;28361;;1/01/2013;7
519;Wingtip Toys (Boynton, OK);401;3;2.0;3755;;1/01/2013;7
520;Wingtip Toys (Frenchburg, KY);401;3;2.0;12341;;1/01/2013;7
521;Wingtip Toys (Robertsdale, AL);401;3;2.0;29166;;1/01/2013;7
522;Wingtip Toys (Dickerson, MD);401;3;2.0;9064;;1/01/2013;7
523;Wingtip Toys (Bruceton Mills, WV);401;3;2.0;4352;;1/01/2013;7
524;Wingtip Toys (Cloquet, MN);401;3;2.0;6904;;1/01/2013;7
525;Wingtip Toys (Claycomo, MO);401;3;2.0;6687;;1/01/2013;7
526;Wingtip Toys (Beekmantown, NY);401;3;2.0;2379;;1/01/2013;7
527;Wingtip Toys (Islip Terrace, NY);401;3;2.0;16741;;1/01/2013;7
528;Wingtip Toys (Rich Creek, VA);401;3;2.0;28780;;1/01/2013;7
529;Wingtip Toys (Griswoldville, GA);401;3;2.0;14072;;1/01/2013;7
530;Wingtip Toys (East Mountain, TX);401;3;2.0;9857;;1/01/2013;7
531;Wingtip Toys (Omer, MI);401;3;2.0;25424;;1/01/2013;7
532;Wingtip Toys (Waycross, GA);401;3;2.0;36179;;1/01/2013;7
533;Wingtip Toys (Nichols Hills, OK);401;3;2.0;24349;;1/01/2013;7
534;Wingtip Toys (Plaquemine, LA);401;3;2.0;27232;;1/01/2013;7
535;Wingtip Toys (Triadelphia, WV);401;3;2.0;34411;;1/01/2013;7
536;Wingtip Toys (Ferney, SD);401;3;2.0;11491;;1/01/2013;7
537;Wingtip Toys (Akhiok, AK);401;3;2.0;242;;1/01/2013;7
538;Wingtip Toys (Deeson, MS);401;3;2.0;8751;;1/01/2013;7
539;Wingtip Toys (Nuangola, PA);401;3;2.0;24898;;1/01/2013;7
540;Wingtip Toys (Weld, ME);401;3;2.0;36322;;1/01/2013;7
541;Wingtip Toys (Mickleton, NJ);401;3;2.0;22020;;1/01/2013;7
542;Wingtip Toys (Schererville, IN);401;3;2.0;30790;;1/01/2013;7
543;Wingtip Toys (Lexington Heights, MI);401;3;2.0;19338;;1/01/2013;7
544;Wingtip Toys (Broomtown, AL);401;3;2.0;4278;;1/01/2013;7
545;Wingtip Toys (Jamison, IA);401;3;2.0;16891;;1/01/2013;7
546;Wingtip Toys (Key Biscayne, FL);401;3;2.0;17632;;1/01/2013;7
547;Wingtip Toys (Chaseley, ND);401;3;2.0;6115;;1/01/2013;7
548;Wingtip Toys (Indian Creek, IL);401;3;2.0;16469;;1/01/2013;7
549;Wingtip Toys (Lake Ronkonkoma, NY);401;3;2.0;18446;;1/01/2013;7
550;Wingtip Toys (Morrison Bluff, AR);401;3;2.0;23026;;1/01/2013;7
551;Wingtip Toys (Huntingburg, IN);401;3;2.0;16239;;1/01/2013;7
552;Wingtip Toys (Shay, PA);401;3;2.0;31266;;1/01/2013;7
553;Wingtip Toys (Helotes, TX);401;3;2.0;15143;;1/01/2013;7
554;Wingtip Toys (Hollandsburg, IN);401;3;2.0;15726;;1/01/2013;7
555;Wingtip Toys (Liberty Grove, MD);401;3;2.0;19368;;1/01/2013;7
556;Wingtip Toys (Morita, TX);401;3;2.0;22984;;1/01/2013;7
557;Wingtip Toys (New Laguna, NM);401;3;2.0;24007;;1/01/2013;7
558;Wingtip Toys (Bourneville, OH);401;3;2.0;3663;;1/01/2013;7
559;Wingtip Toys (Mendoza, TX);401;3;2.0;21821;;1/01/2013;7
560;Wingtip Toys (Palmas del Mar, PR);401;3;2.0;26010;;1/01/2013;7
561;Wingtip Toys (Marion Junction, AL);401;3;2.0;21002;;1/01/2013;7
562;Wingtip Toys (Ware Shoals, SC);401;3;2.0;35861;;1/01/2013;7
563;Wingtip Toys (Lostine, OR);401;3;2.0;20047;;1/01/2013;7
564;Wingtip Toys (Tilleda, WI);401;3;2.0;34060;;1/01/2013;7
565;Wingtip Toys (Wapiti, WY);401;3;2.0;35831;;1/01/2013;7
566;Wingtip Toys (Amado, AZ);401;3;2.0;689;;1/01/2013;7
567;Wingtip Toys (Jeromesville, OH);401;3;2.0;17039;;1/01/2013;7
568;Wingtip Toys (Ovilla, TX);401;3;2.0;25818;;1/01/2013;7
569;Wingtip Toys (West Frostproof, FL);401;3;2.0;36513;;1/01/2013;7
570;Wingtip Toys (Flomaton, AL);401;3;2.0;11686;;1/01/2013;7
571;Wingtip Toys (Pawlet, VT);401;3;2.0;26379;;1/01/2013;7
572;Wingtip Toys (Trout Run, PA);401;3;2.0;34466;;1/01/2013;7
573;Wingtip Toys (Marin City, CA);401;3;2.0;20961;;1/01/2013;7
574;Wingtip Toys (Molalla, OR);401;3;2.0;22604;;1/01/2013;7
575;Wingtip Toys (Trumansburg, NY);401;3;2.0;34512;;1/01/2013;7
576;Wingtip Toys (Goodings Grove, IL);401;3;2.0;13388;;1/01/2013;7
577;Wingtip Toys (Cherryplain, NY);401;3;2.0;6238;;1/01/2013;7
578;Wingtip Toys (Bell Acres, PA);401;3;2.0;2436;;1/01/2013;7
579;Wingtip Toys (Connoquenessing, PA);401;3;2.0;7432;;1/01/2013;7
580;Wingtip Toys (Sarversville, PA);401;3;2.0;30663;;1/01/2013;7
581;Wingtip Toys (Munich, ND);401;3;2.0;23441;;1/01/2013;7
582;Wingtip Toys (Montoya, NM);401;3;2.0;22814;;1/01/2013;7
583;Wingtip Toys (Knights Landing, CA);401;3;2.0;17935;;1/01/2013;7
584;Wingtip Toys (Cache, OK);401;3;2.0;4840;;1/01/2013;7
585;Wingtip Toys (Towaco, NJ);401;3;2.0;34285;;1/01/2013;7
586;Wingtip Toys (Lynne, FL);401;3;2.0;20376;;1/01/2013;7
587;Wingtip Toys (Plata, TX);401;3;2.0;27236;;1/01/2013;7
588;Wingtip Toys (Oak Point, TX);401;3;2.0;24988;;1/01/2013;7
589;Wingtip Toys (Alcester, SD);401;3;2.0;357;;1/01/2013;7
590;Wingtip Toys (McAdenville, NC);401;3;2.0;21405;;1/01/2013;7
591;Wingtip Toys (Idaho City, ID);401;3;2.0;16382;;1/01/2013;7
592;Wingtip Toys (Dunkerton, IA);401;3;2.0;9549;;1/01/2013;7
593;Wingtip Toys (Cuyamungue, NM);401;3;2.0;8296;;1/01/2013;7
594;Wingtip Toys (Marfa, TX);401;3;2.0;20924;;1/01/2013;7
595;Wingtip Toys (Accomac, VA);401;3;2.0;54;;1/01/2013;7
596;Wingtip Toys (Cos Cob, CT);401;3;2.0;7695;;1/01/2013;7
597;Wingtip Toys (Haycock, AK);401;3;2.0;14965;;1/01/2013;7
598;Wingtip Toys (Kapa'a, HI);401;3;2.0;17340;;1/01/2013;7
599;Wingtip Toys (Dickworsham, TX);401;3;2.0;9077;;1/01/2013;7
600;Wingtip Toys (Caro, MI);401;3;2.0;5407;;1/01/2013;7
601;Wingtip Toys (Ruthsburg, MD);401;3;2.0;29887;;1/01/2013;7
801;Eric Torres;801;7;;31321;3000.0;1/01/2013;7
802;Cosmina Vlad;802;7;;5192;2940.0;1/01/2013;7
803;Bala Dixit;803;3;;33799;2000.0;1/01/2013;7
804;Aleksandrs Riekstins;804;5;;18069;2200.0;1/01/2013;7
805;Ratan Poddar;805;3;;10194;3300.0;1/01/2013;7
806;Shi Tu;806;3;;31685;3000.0;1/01/2013;7
807;Gunnar Lohmus;807;6;;35810;3100.0;1/01/2013;7
808;Jackson Kolios;808;5;;28221;1800.0;1/01/2013;7
809;Madhu Dwivedi;809;5;;26105;1700.0;1/01/2013;7
810;Alena Kellnerova;810;7;;31006;1200.0;1/01/2013;7
811;Surendra Sahu;811;3;;25332;2100.0;1/01/2013;7
812;Celica Barajas;812;4;;9386;2200.0;1/01/2013;7
813;Shyam Poddar;813;7;;33793;2600.0;1/01/2013;7
814;Johanna Hoornstra;814;3;;26752;2310.0;1/01/2013;7
815;Libuse Valentova;815;3;;10388;2900.0;1/01/2013;7
816;Harsha Huq;816;6;;8892;2400.0;1/01/2013;7
817;Agrita Kanepa;817;4;;3840;2100.0;1/01/2013;7
818;Liia Orav;818;3;;3176;1155.0;1/01/2013;7
819;Santiago Vera;819;5;;24401;1800.0;1/01/2013;7
820;Knut Svensson;820;5;;20518;3500.0;1/01/2013;7
821;Kwanjai Saowaluk;821;4;;5633;2400.0;1/01/2013;7
822;Suparna Bhattacharya;822;4;;34031;1500.0;1/01/2013;7
823;Francisca Laureano;823;6;;17142;3500.0;1/01/2013;7
824;Risto Valbe;824;4;;2203;3200.0;1/01/2013;7
825;Jayanta Thakur;825;6;;28367;3000.0;1/01/2013;7
826;Leila Carvalho;826;3;;32358;3200.0;1/01/2013;7
827;Crina Grasu;827;5;;33591;2500.0;1/01/2013;7
828;Sercan Celik;828;6;;34193;1785.0;1/01/2013;7
829;Jack Walker;829;4;;10263;3500.0;1/01/2013;7
830;Jana Fialova;830;3;;36297;2000.0;1/01/2013;7
831;Bhaavan Rai;831;7;;5966;3885.0;1/01/2013;7
832;Aakriti Byrraju;832;4;;13242;3500.0;1/01/2013;7
833;Devraj Rao;833;3;;36841;3300.0;1/01/2013;7
834;Cong Hoa;834;6;;25971;1500.0;1/01/2013;7
835;Dominic Davignon;835;4;;34685;3150.0;1/01/2013;7
836;Abel Spirlea;836;3;;21022;1600.0;1/01/2013;7
837;Anil Sarkar;837;4;;12666;1400.0;1/01/2013;7
838;Pavel Bogdanov;838;7;;23870;1890.0;1/01/2013;7
839;Juan Morse;839;3;;13868;4200.0;1/01/2013;7
840;Rodrigo Figueiredo;840;3;;3165;2000.0;1/01/2013;7
841;Camille Authier;841;6;;15;2100.0;1/01/2013;7
842;Biju Deb;842;6;;8730;2600.0;1/01/2013;7
843;Marija Justina Pasek;843;7;;20931;1100.0;1/01/2013;7
844;Durdanah Abbasi;844;4;;18865;1890.0;1/01/2013;7
845;Emilie Hrdlickova;845;7;;24164;1400.0;1/01/2013;7
846;Malorie Bousquet;846;6;;35061;2200.0;1/01/2013;7
847;Kristiina Ivanov;847;5;;37884;1890.0;1/01/2013;7
848;Alvin Bollinger;848;5;;7938;2900.0;1/01/2013;7
849;Sabine Zalite;849;4;;14377;1500.0;1/01/2013;7
850;Daakshaayaani Sankaramanchi;850;6;;32359;1900.0;1/01/2013;7
851;Ebru Erdogan;851;6;;31009;1890.0;1/01/2013;7
852;Bhagavaan Atluri;852;4;;7525;2200.0;1/01/2013;7
853;Caterina Pinto;853;6;;242;3000.0;1/01/2013;7
854;Daakshaayaani Kommineni;854;3;;1775;3700.0;1/01/2013;7
855;Anna Mazzanti;855;5;;16185;1680.0;1/01/2013;7
856;Satish Mittal;856;7;;9433;2400.0;1/01/2013;7
857;Clarissa Manfrin;857;6;;2614;2000.0;1/01/2013;7
858;Bimla PrabhupÄda;858;3;;38038;3800.0;1/01/2013;7
859;Shah Alizadeh;859;6;;12751;3000.0;1/01/2013;7
860;Marcela Lucescu;860;7;;11010;2900.0;1/01/2013;7
861;Amarasimha Vinjamuri;861;4;;24553;2500.0;1/01/2013;7
862;Lana Goransson;862;4;;6124;1400.0;1/01/2013;7
863;Jakub Lukes;863;7;;9701;2100.0;1/01/2013;7
864;Mikhail Degtyarev;864;5;;2291;1300.0;1/01/2013;7
865;Bijoya Thakur;865;6;;17730;2900.0;1/01/2013;7
866;Jay Bhuiyan;866;6;;23264;1890.0;1/01/2013;7
867;Jasna Cerkez;867;5;;10367;3700.0;1/01/2013;7
868;Laura Sykorova;868;3;;7861;2000.0;1/01/2013;7
869;Abel Tatarescu;869;3;;18110;3675.0;1/01/2013;7
870;In-Su Bae;870;6;;21638;3600.0;1/01/2013;7
871;Darshana Madhunapantula;871;5;;34181;1800.0;1/01/2013;7
872;Katerina Hadrabova;872;7;;18141;1995.0;1/01/2013;7
873;Hana Hlouskova;873;4;;22915;2700.0;1/01/2013;7
874;Daniel Martensson;874;3;;20668;3197.25;1/01/2013;7
875;Philip Walker;875;3;;35605;3300.0;1/01/2013;7
876;Marie LeBatelier;876;3;;7781;1500.0;1/01/2013;7
877;Leyla Siavashi;877;6;;20902;3300.0;1/01/2013;7
878;Miriam House;878;7;;20610;3700.0;1/01/2013;7
879;Jitka Necesana;879;5;;7403;3200.0;1/01/2013;7
880;Edmee Glissen;880;5;;21432;2600.0;1/01/2013;7
881;Magdalena Michnova;881;5;;37885;3100.0;1/01/2013;7
882;Maryann Huddleston;882;6;;29165;2700.0;1/01/2013;7
883;Radha Barua;883;6;;21604;3500.0;1/01/2013;7
884;Anindya Ghatak;884;5;;33446;3800.0;1/01/2013;7
885;Chandrashekhar Dasgupta;885;7;;24076;2500.0;1/01/2013;7
886;Debbie Molina;886;4;;12693;2400.0;1/01/2013;7
887;Baran Jonsson;887;4;;5682;3990.0;1/01/2013;7
888;Jai Lamble;888;7;;14043;3700.0;1/01/2013;7
889;Sointu Savonheimo;889;6;;1121;1300.0;1/01/2013;7
890;Olya Izmaylov;890;5;;11753;4630.5;1/01/2013;7
891;Taneli Riutta;891;4;;30517;2700.0;1/01/2013;7
892;Bahaar Asef zade;892;4;;372;1890.0;1/01/2013;7
893;Leyla Asef zade;893;3;;36499;2000.0;1/01/2013;7
894;Gabriela Hernandes;894;7;;8317;2300.0;1/01/2013;7
895;Geza Roman;895;7;;25795;2310.0;1/01/2013;7
896;Leonardo Folliero;896;4;;7749;3300.0;1/01/2013;7
897;Allan Mannik;897;7;;18337;3500.0;1/01/2013;7
898;Gopalgobinda Sikdar;898;5;;25639;4095.0;1/01/2013;7
899;Chin-Sun Chang;899;7;;5247;3900.0;1/01/2013;7
900;Lilli Sokk;900;6;;14033;2300.0;1/01/2013;7
901;Adrian Andreasson;901;7;;9445;3000.0;1/01/2013;7
902;Kamila Michnova;902;4;;33867;1700.0;1/01/2013;7
903;Bing Han;903;5;;8493;1600.0;1/01/2013;7
904;Olafs Rozitis;904;7;;31401;4000.0;1/01/2013;7
905;Sara Huiting;905;4;;3425;2400.0;1/01/2013;7
906;Ajitaab Pakalapati;906;5;;5506;3300.0;1/01/2013;7
907;Eugen Agafitei;907;4;;31249;3500.0;1/01/2013;7
908;Sumati Bhat;908;3;;14591;3500.0;1/01/2013;7
909;Dena Glissen;909;4;;7050;3200.0;1/01/2013;7
910;Elina Kaleja;910;6;;13333;1200.0;1/01/2013;7
911;Liidia Lepp;911;6;;25078;3360.0;1/01/2013;7
912;Volkan senturk;912;5;;37938;2600.0;1/01/2013;7
913;Violetta KlanCisar;913;4;;2175;3045.0;1/01/2013;7
914;Chandana Shasthri;914;4;;23796;3675.0;1/01/2013;7
915;Ana Florea;915;7;;4430;1984.5;1/01/2013;7
916;Pinja Jantunen;916;6;;23734;1400.0;1/01/2013;7
917;Pari Hosseini;917;3;;31936;1300.0;1/01/2013;7
918;Isidora Morales;918;3;;34699;1600.0;1/01/2013;7
919;Kertu Sokk;919;5;;14019;3000.0;1/01/2013;7
920;Gayatri Gajula;920;5;;31348;4000.0;1/01/2013;7
921;Victoria Lacusta;921;4;;7408;3885.0;1/01/2013;7
922;Sumati Chatterjee;922;6;;24668;2520.0;1/01/2013;7
923;Tai Bach;923;3;;12040;3700.0;1/01/2013;7
924;Eva Schulteisz;924;3;;15461;2700.0;1/01/2013;7
925;Can ozcan;925;7;;25354;3900.0;1/01/2013;7
926;Richard Friar;926;7;;24589;2200.0;1/01/2013;7
927;Matyas Sedlar;927;3;;4977;1470.0;1/01/2013;7
928;Arijit Bhuiyan;928;5;;10831;2200.0;1/01/2013;7
929;Vladimir Henzl;929;4;;27559;1600.0;1/01/2013;7
930;Shantanu Huq;930;6;;7890;3400.0;1/01/2013;7
931;Nada Jovanovic;931;7;;24764;2300.0;1/01/2013;7
932;Nicolo Cattaneo;932;7;;30803;1800.0;1/01/2013;7
933;Joel Carrillo;933;5;;9427;3700.0;1/01/2013;7
934;Ivan Sepulveda;934;3;;24805;2205.0;1/01/2013;7
935;Daevasree Samavedam;935;7;;13360;1700.0;1/01/2013;7
936;Ludmila Smidova;936;3;;33747;3900.0;1/01/2013;7
937;Manca Hrastovsek;937;6;;32267;1155.0;1/01/2013;7
938;Anna Gyarmathi;938;3;;17329;3300.0;1/01/2013;7
939;Ioana Florea;939;4;;23550;2000.0;1/01/2013;7
940;Lorin Astrom;940;6;;27543;1200.0;1/01/2013;7
941;Bishwa Chatterjee;941;3;;18332;1700.0;1/01/2013;7
942;Chaayaadaevi Sonti;942;7;;29123;1700.0;1/01/2013;7
943;Drazenka Jelic;943;3;;6221;2600.0;1/01/2013;7
944;Ida Celma;944;3;;14931;3990.0;1/01/2013;7
945;Hoc Tran;945;5;;36973;1470.0;1/01/2013;7
946;David safranek;946;4;;34280;3990.0;1/01/2013;7
947;Svetlana Todorovic;947;4;;35193;2800.0;1/01/2013;7
948;Richard Zahradnicek;948;4;;16893;3300.0;1/01/2013;7
949;Seo-yun Paik;949;7;;17151;3500.0;1/01/2013;7
950;Emily Whittle;950;7;;16257;2900.0;1/01/2013;7
951;Eliza Persson;951;4;;17053;3300.0;1/01/2013;7
952;Chuan Wattanasin;952;3;;11626;3200.0;1/01/2013;7
953;Linh Dao;953;4;;21191;3200.0;1/01/2013;7
954;Nasrin Omidzadeh;954;4;;21161;3800.0;1/01/2013;7
955;Raghu Sandhu;955;3;;3700;1700.0;1/01/2013;7
956;Nhung Thach;956;5;;28502;1800.0;1/01/2013;7
957;Hee-Young Suh;957;3;;24340;2200.0;1/01/2013;7
958;Valentin Tirlea;958;6;;26769;3300.0;1/01/2013;7
959;Dhaatri Chavva;959;3;;10059;1900.0;1/01/2013;7
960;Edgar Jogi;960;5;;3501;1500.0;1/01/2013;7
961;Rani Ganguly;961;6;;1246;3600.0;1/01/2013;7
962;Bhagavati Vinjamuri;962;4;;11008;1400.0;1/01/2013;7
963;Be Trang;963;7;;36091;2700.0;1/01/2013;7
964;Ingrida Zeltina;964;4;;34422;2600.0;1/01/2013;7
965;Phoung Cu;965;7;;21427;3000.0;1/01/2013;7
966;Sara Walkky;966;4;;6402;2100.0;1/01/2013;7
967;Meera Patel;967;6;;14492;2100.0;1/01/2013;7
968;Anca Gogean;968;7;;1245;3400.0;1/01/2013;7
969;Staffan Persson;969;5;;26778;3300.0;1/01/2013;7
970;Isidora Urias;970;3;;3894;2300.0;1/01/2013;7
971;Dhanishta Mokkapati;971;7;;16416;3150.0;1/01/2013;7
972;Lakshmi Benipal;972;5;;19839;2100.0;1/01/2013;7
973;Kumar Kamei;973;3;;22085;3300.0;1/01/2013;7
974;Emil Roman;974;5;;18004;1600.0;1/01/2013;7
975;Prabodh Nair;975;3;;34530;3000.0;1/01/2013;7
976;Alinne Matos;976;5;;30906;3858.75;1/01/2013;7
977;Mauno Laurila;977;3;;24590;1400.0;1/01/2013;7
978;Baalaamjali Devulapalli;978;4;;28032;3465.0;1/01/2013;7
979;Melani Ravlen;979;7;;7485;3300.0;1/01/2013;7
980;Om Yadav;980;3;;20270;2900.0;1/01/2013;7
981;Mahmut ozbek;981;6;;2782;3400.0;1/01/2013;7
982;Yves Belisle;982;4;;35635;3150.0;1/01/2013;7
983;Sabine Alksne;983;4;;13669;2600.0;1/01/2013;7
984;Kamala Nishad;984;7;;14268;2900.0;1/01/2013;7
985;Roko Ilic;985;7;;13692;2400.0;1/01/2013;7
986;Neil Farrelly;986;3;;29938;1680.0;1/01/2013;7
987;Akhil Nadar;987;4;;30779;3465.0;1/01/2013;7
988;Maksims Krastins;988;6;;19979;1900.0;1/01/2013;7
989;Milinka Zujovic;989;6;;38184;1600.0;1/01/2013;7
990;Andris Saulitis;990;7;;10233;2500.0;1/01/2013;7
991;Valter Viiding;991;4;;8294;3600.0;1/01/2013;7
992;Amarakumaar Gadiyaram;992;3;;35503;1800.0;1/01/2013;7
993;Gasper Havzija;993;6;;31323;3500.0;1/01/2013;7
994;Libuse Kuchtova;994;4;;35082;2400.0;1/01/2013;7
995;Kumar Naicker;995;3;;25170;1100.0;1/01/2013;7
996;Laszlo Gardenier;996;6;;21001;2200.0;1/01/2013;7
997;Nada Ana Slosar;997;4;;6907;3500.0;1/01/2013;7
998;Mahavir Sonkar;998;5;;26300;3300.0;1/01/2013;7
999;Kristi Part;999;4;;38036;3600.0;1/01/2013;7
1000;Krishnam Allu;1000;3;;5645;2300.0;1/01/2013;7
1001;Dinh Mai;1001;5;;9258;3900.0;27/01/2013;7
1002;Stefan Selezeanu;1002;5;;7529;3300.0;22/02/2013;7
1003;Hue Ton;1003;4;;15689;4095.0;25/03/2013;7
1004;Drishti Bose;1004;6;;36434;3600.0;1/04/2013;7
1005;Bhadram Kamasamudram;1005;3;;36365;2300.0;6/04/2013;7
1006;Taj Syme;1006;3;;25083;3100.0;10/04/2013;7
1007;Irma Berzina;1007;7;;24180;2600.0;13/04/2013;7
1008;Vedrana Kovacevic;1008;3;;28434;2100.0;14/04/2013;7
1009;Bhagavateeprasaad Malladi;1009;5;;13896;2800.0;3/05/2013;7
1010;Serdar ozCelik;1010;4;;8562;1200.0;6/05/2013;7
1011;Rajeev Sandhu;1011;6;;35951;4000.0;11/06/2013;7
1012;Urve Kasesalu;1012;7;;6206;2000.0;16/06/2013;7
1013;Annette  Hetu;1013;5;;14522;3900.0;22/06/2013;7
1014;Narendra Tickoo;1014;3;;9099;3100.0;18/07/2013;7
1015;Isa Hulsegge;1015;5;;30734;1500.0;1/08/2013;7
1016;Aive Petrov;1016;4;;35470;3100.0;10/08/2013;7
1017;David Novacek ;1017;6;;7668;2730.0;15/08/2013;7
1018;Nils Kaulins;1018;5;;14041;1700.0;8/09/2013;7
1019;Dhanishta Pullela;1019;3;;12563;1575.0;3/10/2013;7
1020;Hai Banh;1020;5;;6574;2625.0;23/10/2013;7
1021;Fabrice Cloutier;1021;4;;32558;1100.0;19/11/2013;7
1022;Nadir Seddigh;1022;5;;3048;3000.0;25/11/2013;7
1023;Farzana Habibi;1023;7;;4270;2900.0;1/12/2013;7
1024;Arka Chatterjee;1024;4;;4795;3500.0;26/12/2013;7
1025;Tuulikki Linna;1025;6;;25771;1300.0;15/01/2014;7
1026;Daniella Cavalcante;1026;5;;28385;1470.0;17/01/2014;7
1027;Serdar ozden;1027;7;;28817;2100.0;22/02/2014;7
1028;Emma Van Zant;1028;6;;37886;2400.0;14/05/2014;7
1029;Veronika Necesana;1029;3;;9331;3900.0;18/05/2014;7
1030;Chompoo Atitarn;1030;5;;1326;4000.0;18/06/2014;7
1031;Dipti Shah;1031;6;;30830;3700.0;3/08/2014;7
1032;Som Mukherjee;1032;3;;22998;3100.0;25/08/2014;7
1033;Cuneyt Arslan;1033;4;;17992;2000.0;26/08/2014;7
1034;Aishwarya Dantuluri;1034;3;;3018;3885.0;3/09/2014;7
1035;Manjunatha Karnik;1035;5;;37898;3300.0;8/11/2014;7
1036;Erik Malk;1036;5;;2053;1700.0;13/11/2014;7
1037;David Jaramillo;1037;7;;28918;2100.0;21/11/2014;7
1038;Damodara Trivedi;1038;6;;33644;2000.0;3/12/2014;7
1039;Bhaamini Palagummi;1039;6;;18410;2300.0;13/01/2015;7
1040;Damodar Shenoy;1040;3;;30865;2400.0;16/01/2015;7
1041;Tomo Vidovic;1041;4;;34371;2900.0;18/01/2015;7
1042;Nguyen Banh;1042;3;;11696;2500.0;22/01/2015;7
1043;Raj Verma;1043;7;;7113;3500.0;30/01/2015;7
1044;Hanita Nookala;1044;3;;21650;2000.0;12/02/2015;7
1045;Matteo Cattaneo;1045;4;;24352;2400.0;22/02/2015;7
1046;Christian Couet;1046;5;;13799;2940.0;12/06/2015;7
1047;Ivana Hadrabova;1047;5;;18648;1600.0;28/07/2015;7
1048;Abhra Ganguly;1048;6;;35684;3000.0;9/08/2015;7
1049;Amet Shergill;1049;7;;37988;1200.0;13/08/2015;7
1050;Amrita Ganguly;1050;4;;26010;3100.0;23/09/2015;7
1051;Sylvie Laramee;1051;6;;16702;2800.0;24/09/2015;7
1052;Ian Olofsson;1052;4;;19374;3300.0;26/09/2015;7
1053;Luis Saucedo;1053;5;;19507;2300.0;27/11/2015;7
1054;Emma Salpa;1054;4;;29391;1600.0;29/11/2015;7
1055;Adriana Pena;1055;5;;29158;3800.0;30/11/2015;7
1056;Kalyani Benjaree;1056;7;;3714;4000.0;20/12/2015;7
1057;Ganesh Majumdar;1057;5;;25608;1600.0;9/01/2016;7
1058;Jaroslav Fisar;1058;6;;31564;1900.0;1/02/2016;7
1059;Jibek Juniskyzy;1059;4;;10483;1800.0;13/03/2016;7
1060;Anand Mudaliyar;1060;7;;22090;1100.0;23/04/2016;7
1061;Agrita Abele;1061;5;;19881;1600.0;7/05/2016;7
